{"cameraMode":{"drawMode":0,"name":"Shaded","section":"Shading Mode"},"sceneLighting":false,"audioPlay":false,"sceneViewState":{"m_AlwaysRefresh":false,"showFog":true,"showSkybox":true,"showFlares":true,"showImageEffects":true,"showParticleSystems":true,"showVisualEffectGraphs":true,"m_FxEnabled":true},"in2DMode":false,"pivot":{"x":2.6580519676208498,"y":0.34271061420440676,"z":0.7366886138916016},"rotation":{"x":-0.16588710248470307,"y":0.04199473559856415,"z":-0.007069973740726709,"w":-0.9852268099784851},"size":6.779906272888184,"orthographic":false}