{"cameraMode":{"drawMode":0,"name":"Shaded","section":"Shading Mode"},"sceneLighting":false,"audioPlay":false,"sceneViewState":{"m_AlwaysRefresh":false,"showFog":true,"showSkybox":true,"showFlares":true,"showImageEffects":true,"showParticleSystems":true,"showVisualEffectGraphs":true,"m_FxEnabled":true},"in2DMode":false,"pivot":{"x":2.0704846382141115,"y":1.4313639402389527,"z":0.2490997314453125},"rotation":{"x":0.1771850287914276,"y":0.06343145668506623,"z":-0.011444807052612305,"w":0.9820695519447327},"size":3.0945119857788088,"orthographic":false}